<MultiQACheck>

  <!-- The stage to reject to if any QA check fails -->
	<RejectStage>Feedback Implementation</RejectStage>

  <!-- The user to assign to the RejectStage if it does not exist in the workflow -->
  <Username>kellen</Username>
  
	<CheckSegmentsConfirmed active="false">
		<Include100s>false</Include100s>
	</CheckSegmentsConfirmed>
	
	<CheckFormatPainting active="true">
		<IncludeLocked>true</IncludeLocked>
    <CheckOrder>false</CheckOrder>
	</CheckFormatPainting>
	
</MultiQACheck>